{"data":{"allWpPost":{"nodes":[{"title":"Basic Equipment to Start a YouTube Channel","uri":"/basic-equipment-to-start-a-youtube-channel/","featuredImage":{"node":{"localFile":{"childImageSharp":{"gatsbyImageData":{"layout":"constrained","backgroundColor":"#08a8b8","images":{"fallback":{"src":"/static/133079c2947c357d5c0572d354f5092f/08673/yt1.jpg","srcSet":"/static/133079c2947c357d5c0572d354f5092f/5be12/yt1.jpg 125w,\n/static/133079c2947c357d5c0572d354f5092f/2f56e/yt1.jpg 250w,\n/static/133079c2947c357d5c0572d354f5092f/08673/yt1.jpg 500w","sizes":"(min-width: 500px) 500px, 100vw"},"sources":[{"srcSet":"/static/133079c2947c357d5c0572d354f5092f/07b65/yt1.avif 125w,\n/static/133079c2947c357d5c0572d354f5092f/b7f38/yt1.avif 250w,\n/static/133079c2947c357d5c0572d354f5092f/07a8a/yt1.avif 500w","type":"image/avif","sizes":"(min-width: 500px) 500px, 100vw"},{"srcSet":"/static/133079c2947c357d5c0572d354f5092f/f89aa/yt1.webp 125w,\n/static/133079c2947c357d5c0572d354f5092f/8b193/yt1.webp 250w,\n/static/133079c2947c357d5c0572d354f5092f/99547/yt1.webp 500w","type":"image/webp","sizes":"(min-width: 500px) 500px, 100vw"}]},"width":500,"height":274}}}}},"content":"<p><a href=\"https://www.gadgetreview.com/computer-accessories\" target=\"_blank\" rel=\"noopener\">Lorem ipsum dolor sit amet, consectetur adipiscing elit. In pulvinar nisi et neque faucibus tincidunt.</a> Nulla facilisi. Nullam nisl dui, porttitor non orci eget, malesuada dapibus diam. Suspendisse nulla neque, lacinia quis varius nec, efficitur id leo. Donec urna arcu, ornare id efficitur quis, pellentesque et est. Maecenas arcu leo, posuere eu lorem id, tristique lacinia velit.</p>\n<h2>This is Heading 2</h2>\n<p>Orci varius natoque penatibus et magnis dis parturient montes, nascetur ridiculus mus. Phasellus mattis massa lacus, non scelerisque erat tincidunt id. Fusce vitae urna ac lorem gravida aliquam et et eros.</p>\n<p>Maecenas nunc velit, pharetra a fermentum ac, posuere eu magna. Sed auctor est nisl, ut sodales nunc euismod eu. Sed eget orci accumsan, cursus ipsum eu, dapibus velit. Fusce nec porttitor lectus. Maecenas tempor, sapien nec dictum commodo, lorem ex tincidunt ligula, id vestibulum magna erat non ipsum. Nulla varius quam tincidunt massa sodales ultricies.</p>\n<h2>This is Heading 2 &#8211; 2</h2>\n<p>In viverra tincidunt scelerisque. Morbi auctor purus vel velit eleifend eleifend. Vestibulum ut arcu eleifend, gravida mauris sit amet, laoreet sem. Vestibulum sit amet mi interdum ligula tempor tempus. Cras faucibus ac purus vitae tempus.</p>\n<p>Donec consectetur, felis vel eleifend semper, diam justo aliquam mi, eu porttitor mauris nulla a leo. Aenean vitae vehicula tellus. Integer sed dolor nec dolor convallis dictum id sit amet erat. Quisque quis mi eget neque efficitur fermentum. Curabitur finibus massa luctus eros scelerisque lacinia.</p>\n<h3>This is Heading 3</h3>\n<p>Phasellus sit amet metus congue magna sagittis sodales. Integer a leo id erat faucibus gravida. Nullam non imperdiet quam, imperdiet fringilla magna. Aenean vitae ornare nulla. Integer varius sollicitudin aliquam. Nunc hendrerit sem at eros dictum, at laoreet ligula consequat.</p>\n<h4>This is Heading 4</h4>\n<p>Cras ultricies elit a interdum feugiat. Vivamus tincidunt est turpis, nec efficitur lorem lacinia at. Mauris pretium lectus sit amet arcu sagittis condimentum eu vitae tortor. Donec blandit pharetra nisi, et rhoncus nisl pharetra sit amet.</p>\n<p>Aliquam pulvinar lobortis leo, sit amet faucibus lorem commodo at. Donec rhoncus sit amet ipsum quis eleifend. Quisque pulvinar turpis non turpis lacinia, at aliquet neque molestie.</p>\n<ul>\n<li>Maecenas bibendum feugiat iaculis.</li>\n<li>Praesent congue fringilla nulla, vel egestas turpis tempor non.</li>\n<li>Donec lacinia tristique velit.</li>\n<li>Cras pulvinar maximus ipsum ultrices convallis.</li>\n</ul>\n<p>Proin imperdiet neque sit amet velit tincidunt, non pretium odio cursus. Vivamus mollis finibus odio, at iaculis mi. Fusce quam turpis, mollis a ante eu, feugiat vehicula diam. Praesent imperdiet, metus eu luctus tincidunt, mauris tortor sagittis neque, eu dictum neque urna at dui. Phasellus et metus tristique, hendrerit ligula id, sodales sapien. Cras vel efficitur enim. Ut id sem tortor.</p>\n<h2>This is post summary</h2>\n<p>Etiam sollicitudin diam ac justo finibus, ut mollis nisl dictum. Nulla eu blandit odio, quis lacinia justo. Mauris blandit consectetur arcu, eget laoreet neque scelerisque eu. Praesent pulvinar placerat dolor quis tincidunt. Duis facilisis ut libero id euismod. Etiam luctus massa a nibh ornare feugiat nec non lorem. Aliquam tristique quis neque rutrum tincidunt. Vivamus efficitur consectetur ex.</p>\n","categories":{"nodes":[{"name":"Recommended X & Y"}]},"seo":{"metaDesc":"Lorem ipsum dolor sit amet, consectetur adipiscing elit. In pulvinar nisi et neque faucibus tincidunt. Nulla facilisi.","title":"Basic Equipment to Start a YouTube Channel - MyTechWorld"}},{"title":"Best Gear for Budding Web Designers","uri":"/best-gear-for-budding-web-designers/","featuredImage":{"node":{"localFile":{"childImageSharp":{"gatsbyImageData":{"layout":"constrained","backgroundColor":"#382828","images":{"fallback":{"src":"/static/3156f749a9ff85684ddcfea7738aa56b/ddcb5/web-designers.jpg","srcSet":"/static/3156f749a9ff85684ddcfea7738aa56b/79326/web-designers.jpg 125w,\n/static/3156f749a9ff85684ddcfea7738aa56b/a98cd/web-designers.jpg 250w,\n/static/3156f749a9ff85684ddcfea7738aa56b/ddcb5/web-designers.jpg 500w","sizes":"(min-width: 500px) 500px, 100vw"},"sources":[{"srcSet":"/static/3156f749a9ff85684ddcfea7738aa56b/979fd/web-designers.avif 125w,\n/static/3156f749a9ff85684ddcfea7738aa56b/5beab/web-designers.avif 250w,\n/static/3156f749a9ff85684ddcfea7738aa56b/c91fe/web-designers.avif 500w","type":"image/avif","sizes":"(min-width: 500px) 500px, 100vw"},{"srcSet":"/static/3156f749a9ff85684ddcfea7738aa56b/b6c82/web-designers.webp 125w,\n/static/3156f749a9ff85684ddcfea7738aa56b/8fce2/web-designers.webp 250w,\n/static/3156f749a9ff85684ddcfea7738aa56b/325b6/web-designers.webp 500w","type":"image/webp","sizes":"(min-width: 500px) 500px, 100vw"}]},"width":500,"height":331}}}}},"content":"<p><a href=\"https://www.gadgetreview.com/computer-accessories\" target=\"_blank\" rel=\"noopener\">Lorem ipsum dolor sit amet, consectetur adipiscing elit. In pulvinar nisi et neque faucibus tincidunt.</a> Nulla facilisi. Nullam nisl dui, porttitor non orci eget, malesuada dapibus diam. Suspendisse nulla neque, lacinia quis varius nec, efficitur id leo. Donec urna arcu, ornare id efficitur quis, pellentesque et est. Maecenas arcu leo, posuere eu lorem id, tristique lacinia velit.</p>\n<h2>This is Heading 2</h2>\n<p>Orci varius natoque penatibus et magnis dis parturient montes, nascetur ridiculus mus. Phasellus mattis massa lacus, non scelerisque erat tincidunt id. Fusce vitae urna ac lorem gravida aliquam et et eros.</p>\n<p>Maecenas nunc velit, pharetra a fermentum ac, posuere eu magna. Sed auctor est nisl, ut sodales nunc euismod eu. Sed eget orci accumsan, cursus ipsum eu, dapibus velit. Fusce nec porttitor lectus. Maecenas tempor, sapien nec dictum commodo, lorem ex tincidunt ligula, id vestibulum magna erat non ipsum. Nulla varius quam tincidunt massa sodales ultricies.</p>\n<h2>This is Heading 2 &#8211; 2</h2>\n<p>In viverra tincidunt scelerisque. Morbi auctor purus vel velit eleifend eleifend. Vestibulum ut arcu eleifend, gravida mauris sit amet, laoreet sem. Vestibulum sit amet mi interdum ligula tempor tempus. Cras faucibus ac purus vitae tempus.</p>\n<p>Donec consectetur, felis vel eleifend semper, diam justo aliquam mi, eu porttitor mauris nulla a leo. Aenean vitae vehicula tellus. Integer sed dolor nec dolor convallis dictum id sit amet erat. Quisque quis mi eget neque efficitur fermentum. Curabitur finibus massa luctus eros scelerisque lacinia.</p>\n<h3>This is Heading 3</h3>\n<p>Phasellus sit amet metus congue magna sagittis sodales. Integer a leo id erat faucibus gravida. Nullam non imperdiet quam, imperdiet fringilla magna. Aenean vitae ornare nulla. Integer varius sollicitudin aliquam. Nunc hendrerit sem at eros dictum, at laoreet ligula consequat.</p>\n<h4>This is Heading 4</h4>\n<p>Cras ultricies elit a interdum feugiat. Vivamus tincidunt est turpis, nec efficitur lorem lacinia at. Mauris pretium lectus sit amet arcu sagittis condimentum eu vitae tortor. Donec blandit pharetra nisi, et rhoncus nisl pharetra sit amet.</p>\n<p>Aliquam pulvinar lobortis leo, sit amet faucibus lorem commodo at. Donec rhoncus sit amet ipsum quis eleifend. Quisque pulvinar turpis non turpis lacinia, at aliquet neque molestie.</p>\n<ul>\n<li>Maecenas bibendum feugiat iaculis.</li>\n<li>Praesent congue fringilla nulla, vel egestas turpis tempor non.</li>\n<li>Donec lacinia tristique velit.</li>\n<li>Cras pulvinar maximus ipsum ultrices convallis.</li>\n</ul>\n<p>Proin imperdiet neque sit amet velit tincidunt, non pretium odio cursus. Vivamus mollis finibus odio, at iaculis mi. Fusce quam turpis, mollis a ante eu, feugiat vehicula diam. Praesent imperdiet, metus eu luctus tincidunt, mauris tortor sagittis neque, eu dictum neque urna at dui. Phasellus et metus tristique, hendrerit ligula id, sodales sapien. Cras vel efficitur enim. Ut id sem tortor.</p>\n<h2>This is post summary</h2>\n<p>Etiam sollicitudin diam ac justo finibus, ut mollis nisl dictum. Nulla eu blandit odio, quis lacinia justo. Mauris blandit consectetur arcu, eget laoreet neque scelerisque eu. Praesent pulvinar placerat dolor quis tincidunt. Duis facilisis ut libero id euismod. Etiam luctus massa a nibh ornare feugiat nec non lorem. Aliquam tristique quis neque rutrum tincidunt. Vivamus efficitur consectetur ex.</p>\n","categories":{"nodes":[{"name":"Gadget Reviews"}]},"seo":{"metaDesc":"Lorem ipsum dolor sit amet, consectetur adipiscing elit. In pulvinar nisi et neque faucibus tincidunt. Nulla facilisi.","title":"Best Gear for Budding Web Designers - MyTechWorld"}},{"title":"Recommended Gear for IT Engineers","uri":"/recommended-gear-for-it-engineers/","featuredImage":{"node":{"localFile":{"childImageSharp":{"gatsbyImageData":{"layout":"constrained","backgroundColor":"#f8f8f8","images":{"fallback":{"src":"/static/0e72c006f9e2a106f6976b0f25306167/6c91d/it.jpg","srcSet":"/static/0e72c006f9e2a106f6976b0f25306167/be1c1/it.jpg 125w,\n/static/0e72c006f9e2a106f6976b0f25306167/c2cd6/it.jpg 250w,\n/static/0e72c006f9e2a106f6976b0f25306167/6c91d/it.jpg 500w,\n/static/0e72c006f9e2a106f6976b0f25306167/8eab1/it.jpg 1000w","sizes":"(min-width: 500px) 500px, 100vw"},"sources":[{"srcSet":"/static/0e72c006f9e2a106f6976b0f25306167/0295a/it.avif 125w,\n/static/0e72c006f9e2a106f6976b0f25306167/b4e73/it.avif 250w,\n/static/0e72c006f9e2a106f6976b0f25306167/32ad4/it.avif 500w,\n/static/0e72c006f9e2a106f6976b0f25306167/e51d6/it.avif 1000w","type":"image/avif","sizes":"(min-width: 500px) 500px, 100vw"},{"srcSet":"/static/0e72c006f9e2a106f6976b0f25306167/1a0af/it.webp 125w,\n/static/0e72c006f9e2a106f6976b0f25306167/1866f/it.webp 250w,\n/static/0e72c006f9e2a106f6976b0f25306167/1b3a5/it.webp 500w,\n/static/0e72c006f9e2a106f6976b0f25306167/03948/it.webp 1000w","type":"image/webp","sizes":"(min-width: 500px) 500px, 100vw"}]},"width":500,"height":254}}}}},"content":"<p><a href=\"https://www.gadgetreview.com/computer-accessories\" target=\"_blank\" rel=\"noopener\">Lorem ipsum dolor sit amet, consectetur adipiscing elit. In pulvinar nisi et neque faucibus tincidunt.</a> Nulla facilisi. Nullam nisl dui, porttitor non orci eget, malesuada dapibus diam. Suspendisse nulla neque, lacinia quis varius nec, efficitur id leo. Donec urna arcu, ornare id efficitur quis, pellentesque et est. Maecenas arcu leo, posuere eu lorem id, tristique lacinia velit.</p>\n<h2>This is Heading 2</h2>\n<p>Orci varius natoque penatibus et magnis dis parturient montes, nascetur ridiculus mus. Phasellus mattis massa lacus, non scelerisque erat tincidunt id. Fusce vitae urna ac lorem gravida aliquam et et eros.</p>\n<p>Maecenas nunc velit, pharetra a fermentum ac, posuere eu magna. Sed auctor est nisl, ut sodales nunc euismod eu. Sed eget orci accumsan, cursus ipsum eu, dapibus velit. Fusce nec porttitor lectus. Maecenas tempor, sapien nec dictum commodo, lorem ex tincidunt ligula, id vestibulum magna erat non ipsum. Nulla varius quam tincidunt massa sodales ultricies.</p>\n<h2>This is Heading 2 &#8211; 2</h2>\n<p>In viverra tincidunt scelerisque. Morbi auctor purus vel velit eleifend eleifend. Vestibulum ut arcu eleifend, gravida mauris sit amet, laoreet sem. Vestibulum sit amet mi interdum ligula tempor tempus. Cras faucibus ac purus vitae tempus.</p>\n<p>Donec consectetur, felis vel eleifend semper, diam justo aliquam mi, eu porttitor mauris nulla a leo. Aenean vitae vehicula tellus. Integer sed dolor nec dolor convallis dictum id sit amet erat. Quisque quis mi eget neque efficitur fermentum. Curabitur finibus massa luctus eros scelerisque lacinia.</p>\n<h3>This is Heading 3</h3>\n<p>Phasellus sit amet metus congue magna sagittis sodales. Integer a leo id erat faucibus gravida. Nullam non imperdiet quam, imperdiet fringilla magna. Aenean vitae ornare nulla. Integer varius sollicitudin aliquam. Nunc hendrerit sem at eros dictum, at laoreet ligula consequat.</p>\n<h4>This is Heading 4</h4>\n<p>Cras ultricies elit a interdum feugiat. Vivamus tincidunt est turpis, nec efficitur lorem lacinia at. Mauris pretium lectus sit amet arcu sagittis condimentum eu vitae tortor. Donec blandit pharetra nisi, et rhoncus nisl pharetra sit amet.</p>\n<p>Aliquam pulvinar lobortis leo, sit amet faucibus lorem commodo at. Donec rhoncus sit amet ipsum quis eleifend. Quisque pulvinar turpis non turpis lacinia, at aliquet neque molestie.</p>\n<ul>\n<li>Maecenas bibendum feugiat iaculis.</li>\n<li>Praesent congue fringilla nulla, vel egestas turpis tempor non.</li>\n<li>Donec lacinia tristique velit.</li>\n<li>Cras pulvinar maximus ipsum ultrices convallis.</li>\n</ul>\n<p>Proin imperdiet neque sit amet velit tincidunt, non pretium odio cursus. Vivamus mollis finibus odio, at iaculis mi. Fusce quam turpis, mollis a ante eu, feugiat vehicula diam. Praesent imperdiet, metus eu luctus tincidunt, mauris tortor sagittis neque, eu dictum neque urna at dui. Phasellus et metus tristique, hendrerit ligula id, sodales sapien. Cras vel efficitur enim. Ut id sem tortor.</p>\n<h2>This is post summary</h2>\n<p>Etiam sollicitudin diam ac justo finibus, ut mollis nisl dictum. Nulla eu blandit odio, quis lacinia justo. Mauris blandit consectetur arcu, eget laoreet neque scelerisque eu. Praesent pulvinar placerat dolor quis tincidunt. Duis facilisis ut libero id euismod. Etiam luctus massa a nibh ornare feugiat nec non lorem. Aliquam tristique quis neque rutrum tincidunt. Vivamus efficitur consectetur ex.</p>\n","categories":{"nodes":[{"name":"Recommended X & Y"}]},"seo":{"metaDesc":"Lorem ipsum dolor sit amet, consectetur adipiscing elit. In pulvinar nisi et neque faucibus tincidunt. Nulla facilisi.","title":"Recommended Gear for IT Engineers - MyTechWorld"}},{"title":"Best Earbuds in 2022","uri":"/best-earbuds-in-2022/","featuredImage":{"node":{"localFile":{"childImageSharp":{"gatsbyImageData":{"layout":"constrained","backgroundColor":"#383838","images":{"fallback":{"src":"/static/d87d5f134c0e85eecb822c375ee432da/4e632/best_earbuds.jpg","srcSet":"/static/d87d5f134c0e85eecb822c375ee432da/cef94/best_earbuds.jpg 125w,\n/static/d87d5f134c0e85eecb822c375ee432da/99266/best_earbuds.jpg 250w,\n/static/d87d5f134c0e85eecb822c375ee432da/4e632/best_earbuds.jpg 500w","sizes":"(min-width: 500px) 500px, 100vw"},"sources":[{"srcSet":"/static/d87d5f134c0e85eecb822c375ee432da/840ef/best_earbuds.avif 125w,\n/static/d87d5f134c0e85eecb822c375ee432da/e58ab/best_earbuds.avif 250w,\n/static/d87d5f134c0e85eecb822c375ee432da/38c5d/best_earbuds.avif 500w","type":"image/avif","sizes":"(min-width: 500px) 500px, 100vw"},{"srcSet":"/static/d87d5f134c0e85eecb822c375ee432da/9299f/best_earbuds.webp 125w,\n/static/d87d5f134c0e85eecb822c375ee432da/55a1b/best_earbuds.webp 250w,\n/static/d87d5f134c0e85eecb822c375ee432da/82f42/best_earbuds.webp 500w","type":"image/webp","sizes":"(min-width: 500px) 500px, 100vw"}]},"width":500,"height":283}}}}},"content":"<p><a href=\"https://www.gadgetreview.com/computer-accessories\" target=\"_blank\" rel=\"noopener\">Lorem ipsum dolor sit amet, consectetur adipiscing elit. In pulvinar nisi et neque faucibus tincidunt.</a> Nulla facilisi. Nullam nisl dui, porttitor non orci eget, malesuada dapibus diam. Suspendisse nulla neque, lacinia quis varius nec, efficitur id leo. Donec urna arcu, ornare id efficitur quis, pellentesque et est. Maecenas arcu leo, posuere eu lorem id, tristique lacinia velit.</p>\n<h2>This is Heading 2</h2>\n<p>Orci varius natoque penatibus et magnis dis parturient montes, nascetur ridiculus mus. Phasellus mattis massa lacus, non scelerisque erat tincidunt id. Fusce vitae urna ac lorem gravida aliquam et et eros.</p>\n<p>Maecenas nunc velit, pharetra a fermentum ac, posuere eu magna. Sed auctor est nisl, ut sodales nunc euismod eu. Sed eget orci accumsan, cursus ipsum eu, dapibus velit. Fusce nec porttitor lectus. Maecenas tempor, sapien nec dictum commodo, lorem ex tincidunt ligula, id vestibulum magna erat non ipsum. Nulla varius quam tincidunt massa sodales ultricies.</p>\n<h2>This is Heading 2 &#8211; 2</h2>\n<p>In viverra tincidunt scelerisque. Morbi auctor purus vel velit eleifend eleifend. Vestibulum ut arcu eleifend, gravida mauris sit amet, laoreet sem. Vestibulum sit amet mi interdum ligula tempor tempus. Cras faucibus ac purus vitae tempus.</p>\n<p>Donec consectetur, felis vel eleifend semper, diam justo aliquam mi, eu porttitor mauris nulla a leo. Aenean vitae vehicula tellus. Integer sed dolor nec dolor convallis dictum id sit amet erat. Quisque quis mi eget neque efficitur fermentum. Curabitur finibus massa luctus eros scelerisque lacinia.</p>\n<h3>This is Heading 3</h3>\n<p>Phasellus sit amet metus congue magna sagittis sodales. Integer a leo id erat faucibus gravida. Nullam non imperdiet quam, imperdiet fringilla magna. Aenean vitae ornare nulla. Integer varius sollicitudin aliquam. Nunc hendrerit sem at eros dictum, at laoreet ligula consequat.</p>\n<h4>This is Heading 4</h4>\n<p>Cras ultricies elit a interdum feugiat. Vivamus tincidunt est turpis, nec efficitur lorem lacinia at. Mauris pretium lectus sit amet arcu sagittis condimentum eu vitae tortor. Donec blandit pharetra nisi, et rhoncus nisl pharetra sit amet.</p>\n<p>Aliquam pulvinar lobortis leo, sit amet faucibus lorem commodo at. Donec rhoncus sit amet ipsum quis eleifend. Quisque pulvinar turpis non turpis lacinia, at aliquet neque molestie.</p>\n<ul>\n<li>Maecenas bibendum feugiat iaculis.</li>\n<li>Praesent congue fringilla nulla, vel egestas turpis tempor non.</li>\n<li>Donec lacinia tristique velit.</li>\n<li>Cras pulvinar maximus ipsum ultrices convallis.</li>\n</ul>\n<p>Proin imperdiet neque sit amet velit tincidunt, non pretium odio cursus. Vivamus mollis finibus odio, at iaculis mi. Fusce quam turpis, mollis a ante eu, feugiat vehicula diam. Praesent imperdiet, metus eu luctus tincidunt, mauris tortor sagittis neque, eu dictum neque urna at dui. Phasellus et metus tristique, hendrerit ligula id, sodales sapien. Cras vel efficitur enim. Ut id sem tortor.</p>\n<h2>This is post summary</h2>\n<p>Etiam sollicitudin diam ac justo finibus, ut mollis nisl dictum. Nulla eu blandit odio, quis lacinia justo. Mauris blandit consectetur arcu, eget laoreet neque scelerisque eu. Praesent pulvinar placerat dolor quis tincidunt. Duis facilisis ut libero id euismod. Etiam luctus massa a nibh ornare feugiat nec non lorem. Aliquam tristique quis neque rutrum tincidunt. Vivamus efficitur consectetur ex.</p>\n","categories":{"nodes":[{"name":"Gadget Reviews"}]},"seo":{"metaDesc":"Lorem ipsum dolor sit amet, consectetur adipiscing elit. In pulvinar nisi et neque faucibus tincidunt. Nulla facilisi.","title":"Best Earbuds in 2022 - MyTechWorld"}},{"title":"Best Apple Laptops in 2022","uri":"/best-apple-laptops-in-2022/","featuredImage":{"node":{"localFile":{"childImageSharp":{"gatsbyImageData":{"layout":"constrained","backgroundColor":"#c8d8e8","images":{"fallback":{"src":"/static/ecfb9b3e9be83d4733feb106e43dfe74/f2d88/best_laptops.jpg","srcSet":"/static/ecfb9b3e9be83d4733feb106e43dfe74/b38d0/best_laptops.jpg 125w,\n/static/ecfb9b3e9be83d4733feb106e43dfe74/f6c41/best_laptops.jpg 250w,\n/static/ecfb9b3e9be83d4733feb106e43dfe74/f2d88/best_laptops.jpg 500w","sizes":"(min-width: 500px) 500px, 100vw"},"sources":[{"srcSet":"/static/ecfb9b3e9be83d4733feb106e43dfe74/cac69/best_laptops.avif 125w,\n/static/ecfb9b3e9be83d4733feb106e43dfe74/5542b/best_laptops.avif 250w,\n/static/ecfb9b3e9be83d4733feb106e43dfe74/7c29a/best_laptops.avif 500w","type":"image/avif","sizes":"(min-width: 500px) 500px, 100vw"},{"srcSet":"/static/ecfb9b3e9be83d4733feb106e43dfe74/5a879/best_laptops.webp 125w,\n/static/ecfb9b3e9be83d4733feb106e43dfe74/dd3e6/best_laptops.webp 250w,\n/static/ecfb9b3e9be83d4733feb106e43dfe74/2f405/best_laptops.webp 500w","type":"image/webp","sizes":"(min-width: 500px) 500px, 100vw"}]},"width":500,"height":315}}}}},"content":"<p><a href=\"https://www.gadgetreview.com/computer-accessories\" target=\"_blank\" rel=\"noopener\">Lorem ipsum dolor sit amet, consectetur adipiscing elit. In pulvinar nisi et neque faucibus tincidunt.</a> Nulla facilisi. Nullam nisl dui, porttitor non orci eget, malesuada dapibus diam. Suspendisse nulla neque, lacinia quis varius nec, efficitur id leo. Donec urna arcu, ornare id efficitur quis, pellentesque et est. Maecenas arcu leo, posuere eu lorem id, tristique lacinia velit.</p>\n<h2>This is Heading 2</h2>\n<p>Orci varius natoque penatibus et magnis dis parturient montes, nascetur ridiculus mus. Phasellus mattis massa lacus, non scelerisque erat tincidunt id. Fusce vitae urna ac lorem gravida aliquam et et eros.</p>\n<p>Maecenas nunc velit, pharetra a fermentum ac, posuere eu magna. Sed auctor est nisl, ut sodales nunc euismod eu. Sed eget orci accumsan, cursus ipsum eu, dapibus velit. Fusce nec porttitor lectus. Maecenas tempor, sapien nec dictum commodo, lorem ex tincidunt ligula, id vestibulum magna erat non ipsum. Nulla varius quam tincidunt massa sodales ultricies.</p>\n<h2>This is Heading 2 &#8211; 2</h2>\n<p>In viverra tincidunt scelerisque. Morbi auctor purus vel velit eleifend eleifend. Vestibulum ut arcu eleifend, gravida mauris sit amet, laoreet sem. Vestibulum sit amet mi interdum ligula tempor tempus. Cras faucibus ac purus vitae tempus.</p>\n<p>Donec consectetur, felis vel eleifend semper, diam justo aliquam mi, eu porttitor mauris nulla a leo. Aenean vitae vehicula tellus. Integer sed dolor nec dolor convallis dictum id sit amet erat. Quisque quis mi eget neque efficitur fermentum. Curabitur finibus massa luctus eros scelerisque lacinia.</p>\n<h3>This is Heading 3</h3>\n<p>Phasellus sit amet metus congue magna sagittis sodales. Integer a leo id erat faucibus gravida. Nullam non imperdiet quam, imperdiet fringilla magna. Aenean vitae ornare nulla. Integer varius sollicitudin aliquam. Nunc hendrerit sem at eros dictum, at laoreet ligula consequat.</p>\n<h4>This is Heading 4</h4>\n<p>Cras ultricies elit a interdum feugiat. Vivamus tincidunt est turpis, nec efficitur lorem lacinia at. Mauris pretium lectus sit amet arcu sagittis condimentum eu vitae tortor. Donec blandit pharetra nisi, et rhoncus nisl pharetra sit amet.</p>\n<p>Aliquam pulvinar lobortis leo, sit amet faucibus lorem commodo at. Donec rhoncus sit amet ipsum quis eleifend. Quisque pulvinar turpis non turpis lacinia, at aliquet neque molestie.</p>\n<ul>\n<li>Maecenas bibendum feugiat iaculis.</li>\n<li>Praesent congue fringilla nulla, vel egestas turpis tempor non.</li>\n<li>Donec lacinia tristique velit.</li>\n<li>Cras pulvinar maximus ipsum ultrices convallis.</li>\n</ul>\n<p>Proin imperdiet neque sit amet velit tincidunt, non pretium odio cursus. Vivamus mollis finibus odio, at iaculis mi. Fusce quam turpis, mollis a ante eu, feugiat vehicula diam. Praesent imperdiet, metus eu luctus tincidunt, mauris tortor sagittis neque, eu dictum neque urna at dui. Phasellus et metus tristique, hendrerit ligula id, sodales sapien. Cras vel efficitur enim. Ut id sem tortor.</p>\n<h2>This is post summary</h2>\n<p>Etiam sollicitudin diam ac justo finibus, ut mollis nisl dictum. Nulla eu blandit odio, quis lacinia justo. Mauris blandit consectetur arcu, eget laoreet neque scelerisque eu. Praesent pulvinar placerat dolor quis tincidunt. Duis facilisis ut libero id euismod. Etiam luctus massa a nibh ornare feugiat nec non lorem. Aliquam tristique quis neque rutrum tincidunt. Vivamus efficitur consectetur ex.</p>\n","categories":{"nodes":[{"name":"Gadget Reviews"}]},"seo":{"metaDesc":"Lorem ipsum dolor sit amet, consectetur adipiscing elit. In pulvinar nisi et neque faucibus tincidunt. Nulla facilisi.","title":"Best Apple Laptops in 2022 - MyTechWorld"}},{"title":"Best Computer Accessories in 2022","uri":"/best-computer-accessories-in-2022/","featuredImage":{"node":{"localFile":{"childImageSharp":{"gatsbyImageData":{"layout":"constrained","backgroundColor":"#e8e8e8","images":{"fallback":{"src":"/static/fcab2aa6baf537fda2a859b870e54968/e19c1/firstpost.jpg","srcSet":"/static/fcab2aa6baf537fda2a859b870e54968/cef94/firstpost.jpg 125w,\n/static/fcab2aa6baf537fda2a859b870e54968/5f208/firstpost.jpg 250w,\n/static/fcab2aa6baf537fda2a859b870e54968/e19c1/firstpost.jpg 500w,\n/static/fcab2aa6baf537fda2a859b870e54968/4d827/firstpost.jpg 1000w","sizes":"(min-width: 500px) 500px, 100vw"},"sources":[{"srcSet":"/static/fcab2aa6baf537fda2a859b870e54968/840ef/firstpost.avif 125w,\n/static/fcab2aa6baf537fda2a859b870e54968/7aeed/firstpost.avif 250w,\n/static/fcab2aa6baf537fda2a859b870e54968/c9b7d/firstpost.avif 500w,\n/static/fcab2aa6baf537fda2a859b870e54968/11abc/firstpost.avif 1000w","type":"image/avif","sizes":"(min-width: 500px) 500px, 100vw"},{"srcSet":"/static/fcab2aa6baf537fda2a859b870e54968/9299f/firstpost.webp 125w,\n/static/fcab2aa6baf537fda2a859b870e54968/e70f4/firstpost.webp 250w,\n/static/fcab2aa6baf537fda2a859b870e54968/c1503/firstpost.webp 500w,\n/static/fcab2aa6baf537fda2a859b870e54968/6ba91/firstpost.webp 1000w","type":"image/webp","sizes":"(min-width: 500px) 500px, 100vw"}]},"width":500,"height":286}}}}},"content":"<p><a href=\"https://www.gadgetreview.com/computer-accessories\" target=\"_blank\" rel=\"noopener\">Lorem ipsum dolor sit amet, consectetur adipiscing elit. In pulvinar nisi et neque faucibus tincidunt.</a> Nulla facilisi. Nullam nisl dui, porttitor non orci eget, malesuada dapibus diam. Suspendisse nulla neque, lacinia quis varius nec, efficitur id leo. Donec urna arcu, ornare id efficitur quis, pellentesque et est. Maecenas arcu leo, posuere eu lorem id, tristique lacinia velit.</p>\n<h2>This is Heading 2</h2>\n<p>Orci varius natoque penatibus et magnis dis parturient montes, nascetur ridiculus mus. Phasellus mattis massa lacus, non scelerisque erat tincidunt id. Fusce vitae urna ac lorem gravida aliquam et et eros.</p>\n<p>Maecenas nunc velit, pharetra a fermentum ac, posuere eu magna. Sed auctor est nisl, ut sodales nunc euismod eu. Sed eget orci accumsan, cursus ipsum eu, dapibus velit. Fusce nec porttitor lectus. Maecenas tempor, sapien nec dictum commodo, lorem ex tincidunt ligula, id vestibulum magna erat non ipsum. Nulla varius quam tincidunt massa sodales ultricies.</p>\n<h2>This is Heading 2 &#8211; 2</h2>\n<p>In viverra tincidunt scelerisque. Morbi auctor purus vel velit eleifend eleifend. Vestibulum ut arcu eleifend, gravida mauris sit amet, laoreet sem. Vestibulum sit amet mi interdum ligula tempor tempus. Cras faucibus ac purus vitae tempus.</p>\n<p>Donec consectetur, felis vel eleifend semper, diam justo aliquam mi, eu porttitor mauris nulla a leo. Aenean vitae vehicula tellus. Integer sed dolor nec dolor convallis dictum id sit amet erat. Quisque quis mi eget neque efficitur fermentum. Curabitur finibus massa luctus eros scelerisque lacinia.</p>\n<h3>This is Heading 3</h3>\n<p>Phasellus sit amet metus congue magna sagittis sodales. Integer a leo id erat faucibus gravida. Nullam non imperdiet quam, imperdiet fringilla magna. Aenean vitae ornare nulla. Integer varius sollicitudin aliquam. Nunc hendrerit sem at eros dictum, at laoreet ligula consequat.</p>\n<h4>This is Heading 4</h4>\n<p>Cras ultricies elit a interdum feugiat. Vivamus tincidunt est turpis, nec efficitur lorem lacinia at. Mauris pretium lectus sit amet arcu sagittis condimentum eu vitae tortor. Donec blandit pharetra nisi, et rhoncus nisl pharetra sit amet.</p>\n<p>Aliquam pulvinar lobortis leo, sit amet faucibus lorem commodo at. Donec rhoncus sit amet ipsum quis eleifend. Quisque pulvinar turpis non turpis lacinia, at aliquet neque molestie.</p>\n<ul>\n<li>Maecenas bibendum feugiat iaculis.</li>\n<li>Praesent congue fringilla nulla, vel egestas turpis tempor non.</li>\n<li>Donec lacinia tristique velit.</li>\n<li>Cras pulvinar maximus ipsum ultrices convallis.</li>\n</ul>\n<p>Proin imperdiet neque sit amet velit tincidunt, non pretium odio cursus. Vivamus mollis finibus odio, at iaculis mi. Fusce quam turpis, mollis a ante eu, feugiat vehicula diam. Praesent imperdiet, metus eu luctus tincidunt, mauris tortor sagittis neque, eu dictum neque urna at dui. Phasellus et metus tristique, hendrerit ligula id, sodales sapien. Cras vel efficitur enim. Ut id sem tortor.</p>\n<h2>This is post summary</h2>\n<p>Etiam sollicitudin diam ac justo finibus, ut mollis nisl dictum. Nulla eu blandit odio, quis lacinia justo. Mauris blandit consectetur arcu, eget laoreet neque scelerisque eu. Praesent pulvinar placerat dolor quis tincidunt. Duis facilisis ut libero id euismod. Etiam luctus massa a nibh ornare feugiat nec non lorem. Aliquam tristique quis neque rutrum tincidunt. Vivamus efficitur consectetur ex.</p>\n","categories":{"nodes":[{"name":"Gadget Reviews"}]},"seo":{"metaDesc":"Lorem ipsum dolor sit amet, consectetur adipiscing elit. In pulvinar nisi et neque faucibus tincidunt. Nulla facilisi.","title":"Best Computer Accessories in 2022 - MyTechWorld"}}]}}}