{"data":{"allWpPost":{"nodes":[{"title":"The best camera for YouTube in 2022","uri":"/the-best-camera-for-youtube-in-2022/","featuredImage":{"node":{"localFile":{"childImageSharp":{"gatsbyImageData":{"layout":"constrained","backgroundColor":"#b8c8b8","images":{"fallback":{"src":"/static/40befae2f03bcbed36e5bacb53f5d20a/347e9/camera.jpg","srcSet":"/static/40befae2f03bcbed36e5bacb53f5d20a/e37de/camera.jpg 38w,\n/static/40befae2f03bcbed36e5bacb53f5d20a/356db/camera.jpg 75w,\n/static/40befae2f03bcbed36e5bacb53f5d20a/347e9/camera.jpg 150w,\n/static/40befae2f03bcbed36e5bacb53f5d20a/42383/camera.jpg 300w","sizes":"(min-width: 150px) 150px, 100vw"},"sources":[{"srcSet":"/static/40befae2f03bcbed36e5bacb53f5d20a/a07ec/camera.avif 38w,\n/static/40befae2f03bcbed36e5bacb53f5d20a/76b67/camera.avif 75w,\n/static/40befae2f03bcbed36e5bacb53f5d20a/02183/camera.avif 150w,\n/static/40befae2f03bcbed36e5bacb53f5d20a/f41f0/camera.avif 300w","type":"image/avif","sizes":"(min-width: 150px) 150px, 100vw"},{"srcSet":"/static/40befae2f03bcbed36e5bacb53f5d20a/39a61/camera.webp 38w,\n/static/40befae2f03bcbed36e5bacb53f5d20a/c9a73/camera.webp 75w,\n/static/40befae2f03bcbed36e5bacb53f5d20a/6689f/camera.webp 150w,\n/static/40befae2f03bcbed36e5bacb53f5d20a/bf45f/camera.webp 300w","type":"image/webp","sizes":"(min-width: 150px) 150px, 100vw"}]},"width":150,"height":84}}}}},"excerpt":"<p>Lorem ipsum dolor sit amet, consectetur adipiscing elit. In pulvinar nisi et neque faucibus tincidunt. Nulla facilisi. Nullam nisl dui, porttitor non orci eget, malesuada dapibus diam. Suspendisse nulla neque, lacinia quis varius nec, efficitur id leo. Donec urna arcu, ornare id efficitur quis, pellentesque et est. Maecenas arcu leo, posuere eu lorem id, tristique </p>\n","categories":{"nodes":[{"link":"/category/gadget-reviews/","name":"Gadget Reviews"}]}},{"title":"Basic Equipment to Start a YouTube Channel","uri":"/basic-equipment-to-start-a-youtube-channel/","featuredImage":{"node":{"localFile":{"childImageSharp":{"gatsbyImageData":{"layout":"constrained","backgroundColor":"#08a8b8","images":{"fallback":{"src":"/static/133079c2947c357d5c0572d354f5092f/89239/yt1.jpg","srcSet":"/static/133079c2947c357d5c0572d354f5092f/e37de/yt1.jpg 38w,\n/static/133079c2947c357d5c0572d354f5092f/9ad7b/yt1.jpg 75w,\n/static/133079c2947c357d5c0572d354f5092f/89239/yt1.jpg 150w,\n/static/133079c2947c357d5c0572d354f5092f/2c227/yt1.jpg 300w","sizes":"(min-width: 150px) 150px, 100vw"},"sources":[{"srcSet":"/static/133079c2947c357d5c0572d354f5092f/a07ec/yt1.avif 38w,\n/static/133079c2947c357d5c0572d354f5092f/dc530/yt1.avif 75w,\n/static/133079c2947c357d5c0572d354f5092f/91efc/yt1.avif 150w,\n/static/133079c2947c357d5c0572d354f5092f/a6895/yt1.avif 300w","type":"image/avif","sizes":"(min-width: 150px) 150px, 100vw"},{"srcSet":"/static/133079c2947c357d5c0572d354f5092f/39a61/yt1.webp 38w,\n/static/133079c2947c357d5c0572d354f5092f/fad43/yt1.webp 75w,\n/static/133079c2947c357d5c0572d354f5092f/49f80/yt1.webp 150w,\n/static/133079c2947c357d5c0572d354f5092f/de298/yt1.webp 300w","type":"image/webp","sizes":"(min-width: 150px) 150px, 100vw"}]},"width":150,"height":82}}}}},"excerpt":"<p>Lorem ipsum dolor sit amet, consectetur adipiscing elit. In pulvinar nisi et neque faucibus tincidunt. Nulla facilisi. Nullam nisl dui, porttitor non orci eget, malesuada dapibus diam. Suspendisse nulla neque, lacinia quis varius nec, efficitur id leo. Donec urna arcu, ornare id efficitur quis, pellentesque et est. Maecenas arcu leo, posuere eu lorem id, tristique </p>\n","categories":{"nodes":[{"link":"/category/recommended-x-y/","name":"Recommended X & Y"}]}},{"title":"5 YouTube Tips and Tricks to Grow Your Channel in 2022","uri":"/5-youtube-tips-and-tricks-to-grow-your-channel-in-2022/","featuredImage":{"node":{"localFile":{"childImageSharp":{"gatsbyImageData":{"layout":"constrained","backgroundColor":"#f8f8f8","images":{"fallback":{"src":"/static/443e242ef2c0a938b55c86d422da7f6c/73513/yt.jpg","srcSet":"/static/443e242ef2c0a938b55c86d422da7f6c/97746/yt.jpg 38w,\n/static/443e242ef2c0a938b55c86d422da7f6c/84a69/yt.jpg 75w,\n/static/443e242ef2c0a938b55c86d422da7f6c/73513/yt.jpg 150w,\n/static/443e242ef2c0a938b55c86d422da7f6c/b5a6e/yt.jpg 300w","sizes":"(min-width: 150px) 150px, 100vw"},"sources":[{"srcSet":"/static/443e242ef2c0a938b55c86d422da7f6c/e39cf/yt.avif 38w,\n/static/443e242ef2c0a938b55c86d422da7f6c/3ffc2/yt.avif 75w,\n/static/443e242ef2c0a938b55c86d422da7f6c/8d35f/yt.avif 150w,\n/static/443e242ef2c0a938b55c86d422da7f6c/80035/yt.avif 300w","type":"image/avif","sizes":"(min-width: 150px) 150px, 100vw"},{"srcSet":"/static/443e242ef2c0a938b55c86d422da7f6c/86ceb/yt.webp 38w,\n/static/443e242ef2c0a938b55c86d422da7f6c/71bf6/yt.webp 75w,\n/static/443e242ef2c0a938b55c86d422da7f6c/74f8c/yt.webp 150w,\n/static/443e242ef2c0a938b55c86d422da7f6c/c1fb2/yt.webp 300w","type":"image/webp","sizes":"(min-width: 150px) 150px, 100vw"}]},"width":150,"height":99}}}}},"excerpt":"<p>Lorem ipsum dolor sit amet, consectetur adipiscing elit. In pulvinar nisi et neque faucibus tincidunt. Nulla facilisi. Nullam nisl dui, porttitor non orci eget, malesuada dapibus diam. Suspendisse nulla neque, lacinia quis varius nec, efficitur id leo. Donec urna arcu, ornare id efficitur quis, pellentesque et est. Maecenas arcu leo, posuere eu lorem id, tristique </p>\n","categories":{"nodes":[{"link":"/category/tips-tricks/","name":"Tips & Tricks"}]}},{"title":"Cryptocurrency for Beginners: 5 Tips and Tricks You Should Know","uri":"/cryptocurrency-for-beginners-5-tips-and-tricks-you-should-know/","featuredImage":{"node":{"localFile":{"childImageSharp":{"gatsbyImageData":{"layout":"constrained","backgroundColor":"#b8b8b8","images":{"fallback":{"src":"/static/5a58398795e09677ed5d70eaddd98ab8/f1a3a/crypto.jpg","srcSet":"/static/5a58398795e09677ed5d70eaddd98ab8/97746/crypto.jpg 38w,\n/static/5a58398795e09677ed5d70eaddd98ab8/77ce8/crypto.jpg 75w,\n/static/5a58398795e09677ed5d70eaddd98ab8/f1a3a/crypto.jpg 150w,\n/static/5a58398795e09677ed5d70eaddd98ab8/1aea4/crypto.jpg 300w","sizes":"(min-width: 150px) 150px, 100vw"},"sources":[{"srcSet":"/static/5a58398795e09677ed5d70eaddd98ab8/e39cf/crypto.avif 38w,\n/static/5a58398795e09677ed5d70eaddd98ab8/9d8d8/crypto.avif 75w,\n/static/5a58398795e09677ed5d70eaddd98ab8/329f7/crypto.avif 150w,\n/static/5a58398795e09677ed5d70eaddd98ab8/8d0b6/crypto.avif 300w","type":"image/avif","sizes":"(min-width: 150px) 150px, 100vw"},{"srcSet":"/static/5a58398795e09677ed5d70eaddd98ab8/86ceb/crypto.webp 38w,\n/static/5a58398795e09677ed5d70eaddd98ab8/0987d/crypto.webp 75w,\n/static/5a58398795e09677ed5d70eaddd98ab8/70dfd/crypto.webp 150w,\n/static/5a58398795e09677ed5d70eaddd98ab8/36d7b/crypto.webp 300w","type":"image/webp","sizes":"(min-width: 150px) 150px, 100vw"}]},"width":150,"height":100}}}}},"excerpt":"<p>Lorem ipsum dolor sit amet, consectetur adipiscing elit. In pulvinar nisi et neque faucibus tincidunt. Nulla facilisi. Nullam nisl dui, porttitor non orci eget, malesuada dapibus diam. Suspendisse nulla neque, lacinia quis varius nec, efficitur id leo. Donec urna arcu, ornare id efficitur quis, pellentesque et est. Maecenas arcu leo, posuere eu lorem id, tristique </p>\n","categories":{"nodes":[{"link":"/category/tips-tricks/","name":"Tips & Tricks"}]}},{"title":"Best Gear for Budding Web Designers","uri":"/best-gear-for-budding-web-designers/","featuredImage":{"node":{"localFile":{"childImageSharp":{"gatsbyImageData":{"layout":"constrained","backgroundColor":"#382828","images":{"fallback":{"src":"/static/3156f749a9ff85684ddcfea7738aa56b/73513/web-designers.jpg","srcSet":"/static/3156f749a9ff85684ddcfea7738aa56b/97746/web-designers.jpg 38w,\n/static/3156f749a9ff85684ddcfea7738aa56b/77ce8/web-designers.jpg 75w,\n/static/3156f749a9ff85684ddcfea7738aa56b/73513/web-designers.jpg 150w,\n/static/3156f749a9ff85684ddcfea7738aa56b/e2364/web-designers.jpg 300w","sizes":"(min-width: 150px) 150px, 100vw"},"sources":[{"srcSet":"/static/3156f749a9ff85684ddcfea7738aa56b/e39cf/web-designers.avif 38w,\n/static/3156f749a9ff85684ddcfea7738aa56b/9d8d8/web-designers.avif 75w,\n/static/3156f749a9ff85684ddcfea7738aa56b/8d35f/web-designers.avif 150w,\n/static/3156f749a9ff85684ddcfea7738aa56b/8db28/web-designers.avif 300w","type":"image/avif","sizes":"(min-width: 150px) 150px, 100vw"},{"srcSet":"/static/3156f749a9ff85684ddcfea7738aa56b/86ceb/web-designers.webp 38w,\n/static/3156f749a9ff85684ddcfea7738aa56b/0987d/web-designers.webp 75w,\n/static/3156f749a9ff85684ddcfea7738aa56b/74f8c/web-designers.webp 150w,\n/static/3156f749a9ff85684ddcfea7738aa56b/a31ea/web-designers.webp 300w","type":"image/webp","sizes":"(min-width: 150px) 150px, 100vw"}]},"width":150,"height":99}}}}},"excerpt":"<p>Lorem ipsum dolor sit amet, consectetur adipiscing elit. In pulvinar nisi et neque faucibus tincidunt. Nulla facilisi. Nullam nisl dui, porttitor non orci eget, malesuada dapibus diam. Suspendisse nulla neque, lacinia quis varius nec, efficitur id leo. Donec urna arcu, ornare id efficitur quis, pellentesque et est. Maecenas arcu leo, posuere eu lorem id, tristique </p>\n","categories":{"nodes":[{"link":"/category/gadget-reviews/","name":"Gadget Reviews"}]}}]}}}