{"data":{"allWpPost":{"nodes":[{"postSettings":{"featuredPost":null},"title":"The best camera for YouTube in 2022","uri":"/the-best-camera-for-youtube-in-2022/","featuredImage":{"node":{"localFile":{"childImageSharp":{"gatsbyImageData":{"layout":"constrained","backgroundColor":"#b8c8b8","images":{"fallback":{"src":"/static/40befae2f03bcbed36e5bacb53f5d20a/93c86/camera.jpg","srcSet":"/static/40befae2f03bcbed36e5bacb53f5d20a/1a003/camera.jpg 125w,\n/static/40befae2f03bcbed36e5bacb53f5d20a/79bd1/camera.jpg 250w,\n/static/40befae2f03bcbed36e5bacb53f5d20a/93c86/camera.jpg 500w","sizes":"(min-width: 500px) 500px, 100vw"},"sources":[{"srcSet":"/static/40befae2f03bcbed36e5bacb53f5d20a/42f51/camera.avif 125w,\n/static/40befae2f03bcbed36e5bacb53f5d20a/f8ca1/camera.avif 250w,\n/static/40befae2f03bcbed36e5bacb53f5d20a/50412/camera.avif 500w","type":"image/avif","sizes":"(min-width: 500px) 500px, 100vw"},{"srcSet":"/static/40befae2f03bcbed36e5bacb53f5d20a/46142/camera.webp 125w,\n/static/40befae2f03bcbed36e5bacb53f5d20a/7c53f/camera.webp 250w,\n/static/40befae2f03bcbed36e5bacb53f5d20a/ae4c9/camera.webp 500w","type":"image/webp","sizes":"(min-width: 500px) 500px, 100vw"}]},"width":500,"height":279}}}}},"excerpt":"<p>Lorem ipsum dolor sit amet, consectetur adipiscing elit. In pulvinar nisi et neque faucibus tincidunt. Nulla facilisi. Nullam nisl dui, porttitor non orci eget, malesuada dapibus diam. Suspendisse nulla neque, lacinia quis varius nec, efficitur id leo. Donec urna arcu, ornare id efficitur quis, pellentesque et est. Maecenas arcu leo, posuere eu lorem id, tristique </p>\n","categories":{"nodes":[{"link":"/category/gadget-reviews/","name":"Gadget Reviews"}]}},{"postSettings":{"featuredPost":null},"title":"5 YouTube Tips and Tricks to Grow Your Channel in 2022","uri":"/5-youtube-tips-and-tricks-to-grow-your-channel-in-2022/","featuredImage":{"node":{"localFile":{"childImageSharp":{"gatsbyImageData":{"layout":"constrained","backgroundColor":"#f8f8f8","images":{"fallback":{"src":"/static/443e242ef2c0a938b55c86d422da7f6c/48c14/yt.jpg","srcSet":"/static/443e242ef2c0a938b55c86d422da7f6c/076f5/yt.jpg 125w,\n/static/443e242ef2c0a938b55c86d422da7f6c/f4a1c/yt.jpg 250w,\n/static/443e242ef2c0a938b55c86d422da7f6c/48c14/yt.jpg 500w,\n/static/443e242ef2c0a938b55c86d422da7f6c/55d1e/yt.jpg 1000w","sizes":"(min-width: 500px) 500px, 100vw"},"sources":[{"srcSet":"/static/443e242ef2c0a938b55c86d422da7f6c/11e99/yt.avif 125w,\n/static/443e242ef2c0a938b55c86d422da7f6c/86f05/yt.avif 250w,\n/static/443e242ef2c0a938b55c86d422da7f6c/e5c2a/yt.avif 500w,\n/static/443e242ef2c0a938b55c86d422da7f6c/2a447/yt.avif 1000w","type":"image/avif","sizes":"(min-width: 500px) 500px, 100vw"},{"srcSet":"/static/443e242ef2c0a938b55c86d422da7f6c/66520/yt.webp 125w,\n/static/443e242ef2c0a938b55c86d422da7f6c/941fc/yt.webp 250w,\n/static/443e242ef2c0a938b55c86d422da7f6c/385c2/yt.webp 500w,\n/static/443e242ef2c0a938b55c86d422da7f6c/acd29/yt.webp 1000w","type":"image/webp","sizes":"(min-width: 500px) 500px, 100vw"}]},"width":500,"height":329}}}}},"excerpt":"<p>Lorem ipsum dolor sit amet, consectetur adipiscing elit. In pulvinar nisi et neque faucibus tincidunt. Nulla facilisi. Nullam nisl dui, porttitor non orci eget, malesuada dapibus diam. Suspendisse nulla neque, lacinia quis varius nec, efficitur id leo. Donec urna arcu, ornare id efficitur quis, pellentesque et est. Maecenas arcu leo, posuere eu lorem id, tristique </p>\n","categories":{"nodes":[{"link":"/category/tips-tricks/","name":"Tips & Tricks"}]}},{"postSettings":{"featuredPost":null},"title":"Cryptocurrency for Beginners: 5 Tips and Tricks You Should Know","uri":"/cryptocurrency-for-beginners-5-tips-and-tricks-you-should-know/","featuredImage":{"node":{"localFile":{"childImageSharp":{"gatsbyImageData":{"layout":"constrained","backgroundColor":"#b8b8b8","images":{"fallback":{"src":"/static/5a58398795e09677ed5d70eaddd98ab8/126d1/crypto.jpg","srcSet":"/static/5a58398795e09677ed5d70eaddd98ab8/8c9ca/crypto.jpg 125w,\n/static/5a58398795e09677ed5d70eaddd98ab8/99f43/crypto.jpg 250w,\n/static/5a58398795e09677ed5d70eaddd98ab8/126d1/crypto.jpg 500w,\n/static/5a58398795e09677ed5d70eaddd98ab8/1d873/crypto.jpg 1000w","sizes":"(min-width: 500px) 500px, 100vw"},"sources":[{"srcSet":"/static/5a58398795e09677ed5d70eaddd98ab8/acdce/crypto.avif 125w,\n/static/5a58398795e09677ed5d70eaddd98ab8/ea46c/crypto.avif 250w,\n/static/5a58398795e09677ed5d70eaddd98ab8/1217c/crypto.avif 500w,\n/static/5a58398795e09677ed5d70eaddd98ab8/d5b2f/crypto.avif 1000w","type":"image/avif","sizes":"(min-width: 500px) 500px, 100vw"},{"srcSet":"/static/5a58398795e09677ed5d70eaddd98ab8/a16f1/crypto.webp 125w,\n/static/5a58398795e09677ed5d70eaddd98ab8/48571/crypto.webp 250w,\n/static/5a58398795e09677ed5d70eaddd98ab8/d03f3/crypto.webp 500w,\n/static/5a58398795e09677ed5d70eaddd98ab8/976f0/crypto.webp 1000w","type":"image/webp","sizes":"(min-width: 500px) 500px, 100vw"}]},"width":500,"height":335}}}}},"excerpt":"<p>Lorem ipsum dolor sit amet, consectetur adipiscing elit. In pulvinar nisi et neque faucibus tincidunt. Nulla facilisi. Nullam nisl dui, porttitor non orci eget, malesuada dapibus diam. Suspendisse nulla neque, lacinia quis varius nec, efficitur id leo. Donec urna arcu, ornare id efficitur quis, pellentesque et est. Maecenas arcu leo, posuere eu lorem id, tristique </p>\n","categories":{"nodes":[{"link":"/category/tips-tricks/","name":"Tips & Tricks"}]}}]}}}