{"polyfill":["/polyfill-b8ac1e4be52cebf2f42e.js"],"app":["/app-cac5ed06bd9705b5e257.js"],"gatsby-plugin-image":["/gatsby-plugin-image-b6668be59cd1cb8a93e3.js"],"component---src-pages-404-js":["/component---src-pages-404-js-8e3c5c0efc4bc35e3e5d.js"],"component---src-pages-index-js":["/component---src-pages-index-js-6a4b0e0e59a2dfcd26b9.js"],"component---src-pages-wp-page-link-js":["/component---src-pages-wp-page-link-js-9fbec8563c0cd45bcbed.js"],"component---src-pages-wp-post-uri-js":["/component---src-pages-wp-post-uri-js-5688c38935a70c9eb323.js"],"component---src-templates-archive-js":["/component---src-templates-archive-js-9f0ad568b2c61598063b.js"]}