{"polyfill":["/polyfill-b8ac1e4be52cebf2f42e.js"],"app":["/app-bb4e2d1bbf21879bbfc1.js"],"gatsby-plugin-image":["/gatsby-plugin-image-473352ee6845cf071a33.js"],"component---src-pages-404-js":["/component---src-pages-404-js-81604542ab6dbb08c339.js"],"component---src-pages-index-js":["/component---src-pages-index-js-8c1a4618dda45c07ef5b.js"],"component---src-pages-wp-page-link-js":["/component---src-pages-wp-page-link-js-8f68e043e20cb7feb675.js"],"component---src-pages-wp-post-uri-js":["/component---src-pages-wp-post-uri-js-0f665c9a61435fca4a99.js"],"component---src-templates-archive-js":["/component---src-templates-archive-js-cc46a848159f3d789aed.js"]}