{"name":"build-javascript","namedChunkGroups":{"polyfill":{"name":"polyfill","assets":[{"name":"webpack-runtime-288a52724efd9fae3606.js","size":4309},{"name":"commons-269c90dd3c3b308cfd47.js","size":35526},{"name":"polyfill-b8ac1e4be52cebf2f42e.js","size":88394}],"filteredAssets":0,"assetsSize":128229,"filteredAuxiliaryAssets":3,"auxiliaryAssetsSize":392533},"app":{"name":"app","assets":[{"name":"webpack-runtime-288a52724efd9fae3606.js","size":4309},{"name":"framework-84ebd25930d1b5acbcde.js","size":22779},{"name":"styles.2e2a3af9a21b8c65f8a8.css","size":19757},{"name":"app-bb4e2d1bbf21879bbfc1.js","size":95995}],"filteredAssets":0,"assetsSize":142840,"filteredAuxiliaryAssets":3,"auxiliaryAssetsSize":480295},"gatsby-plugin-image":{"name":"gatsby-plugin-image","assets":[{"name":"gatsby-plugin-image-473352ee6845cf071a33.js","size":614}],"filteredAssets":0,"assetsSize":614,"filteredAuxiliaryAssets":0,"auxiliaryAssetsSize":0},"component---src-pages-404-js":{"name":"component---src-pages-404-js","assets":[{"name":"1bfc9850-2a924d21b56f3866906c.js","size":3150},{"name":"commons-269c90dd3c3b308cfd47.js","size":35526},{"name":"component---src-pages-404-js-81604542ab6dbb08c339.js","size":338}],"filteredAssets":0,"assetsSize":39014,"filteredAuxiliaryAssets":3,"auxiliaryAssetsSize":1679718},"component---src-pages-index-js":{"name":"component---src-pages-index-js","assets":[{"name":"1bfc9850-2a924d21b56f3866906c.js","size":3150},{"name":"commons-269c90dd3c3b308cfd47.js","size":35526},{"name":"d210b7dc449036eefac565f5c93ac76d2a91751e-99dd1aca28c74ad93c33.js","size":55056},{"name":"component---src-pages-index-js-8c1a4618dda45c07ef5b.js","size":3736}],"filteredAssets":0,"assetsSize":97468,"filteredAuxiliaryAssets":4,"auxiliaryAssetsSize":1908930},"component---src-pages-wp-page-link-js":{"name":"component---src-pages-wp-page-link-js","assets":[{"name":"1bfc9850-2a924d21b56f3866906c.js","size":3150},{"name":"commons-269c90dd3c3b308cfd47.js","size":35526},{"name":"d210b7dc449036eefac565f5c93ac76d2a91751e-99dd1aca28c74ad93c33.js","size":55056},{"name":"component---src-pages-wp-page-link-js-8f68e043e20cb7feb675.js","size":1094}],"filteredAssets":0,"assetsSize":94826,"filteredAuxiliaryAssets":4,"auxiliaryAssetsSize":1899798},"component---src-pages-wp-post-uri-js":{"name":"component---src-pages-wp-post-uri-js","assets":[{"name":"1bfc9850-2a924d21b56f3866906c.js","size":3150},{"name":"commons-269c90dd3c3b308cfd47.js","size":35526},{"name":"d210b7dc449036eefac565f5c93ac76d2a91751e-99dd1aca28c74ad93c33.js","size":55056},{"name":"component---src-pages-wp-post-uri-js-0f665c9a61435fca4a99.js","size":1393}],"filteredAssets":0,"assetsSize":95125,"filteredAuxiliaryAssets":4,"auxiliaryAssetsSize":1900700},"component---src-templates-archive-js":{"name":"component---src-templates-archive-js","assets":[{"name":"1bfc9850-2a924d21b56f3866906c.js","size":3150},{"name":"commons-269c90dd3c3b308cfd47.js","size":35526},{"name":"d210b7dc449036eefac565f5c93ac76d2a91751e-99dd1aca28c74ad93c33.js","size":55056},{"name":"component---src-templates-archive-js-cc46a848159f3d789aed.js","size":1791}],"filteredAssets":0,"assetsSize":95523,"filteredAuxiliaryAssets":4,"auxiliaryAssetsSize":1902998}},"assetsByChunkName":{"polyfill":["webpack-runtime-288a52724efd9fae3606.js","commons-269c90dd3c3b308cfd47.js","polyfill-b8ac1e4be52cebf2f42e.js"],"app":["webpack-runtime-288a52724efd9fae3606.js","framework-84ebd25930d1b5acbcde.js","styles.2e2a3af9a21b8c65f8a8.css","app-bb4e2d1bbf21879bbfc1.js"],"gatsby-plugin-image":["gatsby-plugin-image-473352ee6845cf071a33.js"],"component---src-pages-404-js":["1bfc9850-2a924d21b56f3866906c.js","commons-269c90dd3c3b308cfd47.js","component---src-pages-404-js-81604542ab6dbb08c339.js"],"component---src-pages-index-js":["1bfc9850-2a924d21b56f3866906c.js","commons-269c90dd3c3b308cfd47.js","d210b7dc449036eefac565f5c93ac76d2a91751e-99dd1aca28c74ad93c33.js","component---src-pages-index-js-8c1a4618dda45c07ef5b.js"],"component---src-pages-wp-page-link-js":["1bfc9850-2a924d21b56f3866906c.js","commons-269c90dd3c3b308cfd47.js","d210b7dc449036eefac565f5c93ac76d2a91751e-99dd1aca28c74ad93c33.js","component---src-pages-wp-page-link-js-8f68e043e20cb7feb675.js"],"component---src-pages-wp-post-uri-js":["1bfc9850-2a924d21b56f3866906c.js","commons-269c90dd3c3b308cfd47.js","d210b7dc449036eefac565f5c93ac76d2a91751e-99dd1aca28c74ad93c33.js","component---src-pages-wp-post-uri-js-0f665c9a61435fca4a99.js"],"component---src-templates-archive-js":["1bfc9850-2a924d21b56f3866906c.js","commons-269c90dd3c3b308cfd47.js","d210b7dc449036eefac565f5c93ac76d2a91751e-99dd1aca28c74ad93c33.js","component---src-templates-archive-js-cc46a848159f3d789aed.js"]},"childAssetsByChunkName":{}}