{"name":"build-javascript","namedChunkGroups":{"polyfill":{"name":"polyfill","assets":[{"name":"webpack-runtime-4585222f264fc2a8ce25.js","size":4309},{"name":"commons-00289a602017a56bb142.js","size":35030},{"name":"polyfill-b8ac1e4be52cebf2f42e.js","size":88394}],"filteredAssets":0,"assetsSize":127733,"filteredAuxiliaryAssets":3,"auxiliaryAssetsSize":391846},"app":{"name":"app","assets":[{"name":"webpack-runtime-4585222f264fc2a8ce25.js","size":4309},{"name":"framework-4ab19671d23488a6023a.js","size":129763},{"name":"styles.2e2a3af9a21b8c65f8a8.css","size":19757},{"name":"app-cac5ed06bd9705b5e257.js","size":95153}],"filteredAssets":0,"assetsSize":248982,"filteredAuxiliaryAssets":3,"auxiliaryAssetsSize":734224},"gatsby-plugin-image":{"name":"gatsby-plugin-image","assets":[{"name":"gatsby-plugin-image-b6668be59cd1cb8a93e3.js","size":614}],"filteredAssets":0,"assetsSize":614,"filteredAuxiliaryAssets":0,"auxiliaryAssetsSize":0},"component---src-pages-404-js":{"name":"component---src-pages-404-js","assets":[{"name":"1bfc9850-2a924d21b56f3866906c.js","size":3150},{"name":"commons-00289a602017a56bb142.js","size":35030},{"name":"component---src-pages-404-js-8e3c5c0efc4bc35e3e5d.js","size":338}],"filteredAssets":0,"assetsSize":38518,"filteredAuxiliaryAssets":3,"auxiliaryAssetsSize":1679031},"component---src-pages-index-js":{"name":"component---src-pages-index-js","assets":[{"name":"1bfc9850-2a924d21b56f3866906c.js","size":3150},{"name":"commons-00289a602017a56bb142.js","size":35030},{"name":"d210b7dc449036eefac565f5c93ac76d2a91751e-a2adef834fc76f49b8ea.js","size":54776},{"name":"component---src-pages-index-js-6a4b0e0e59a2dfcd26b9.js","size":3546}],"filteredAssets":0,"assetsSize":96502,"filteredAuxiliaryAssets":4,"auxiliaryAssetsSize":1907763},"component---src-pages-wp-page-link-js":{"name":"component---src-pages-wp-page-link-js","assets":[{"name":"1bfc9850-2a924d21b56f3866906c.js","size":3150},{"name":"commons-00289a602017a56bb142.js","size":35030},{"name":"d210b7dc449036eefac565f5c93ac76d2a91751e-a2adef834fc76f49b8ea.js","size":54776},{"name":"component---src-pages-wp-page-link-js-9fbec8563c0cd45bcbed.js","size":1022}],"filteredAssets":0,"assetsSize":93978,"filteredAuxiliaryAssets":4,"auxiliaryAssetsSize":1898951},"component---src-pages-wp-post-uri-js":{"name":"component---src-pages-wp-post-uri-js","assets":[{"name":"1bfc9850-2a924d21b56f3866906c.js","size":3150},{"name":"commons-00289a602017a56bb142.js","size":35030},{"name":"d210b7dc449036eefac565f5c93ac76d2a91751e-a2adef834fc76f49b8ea.js","size":54776},{"name":"component---src-pages-wp-post-uri-js-5688c38935a70c9eb323.js","size":1297}],"filteredAssets":0,"assetsSize":94253,"filteredAuxiliaryAssets":4,"auxiliaryAssetsSize":1899703},"component---src-templates-archive-js":{"name":"component---src-templates-archive-js","assets":[{"name":"1bfc9850-2a924d21b56f3866906c.js","size":3150},{"name":"commons-00289a602017a56bb142.js","size":35030},{"name":"d210b7dc449036eefac565f5c93ac76d2a91751e-a2adef834fc76f49b8ea.js","size":54776},{"name":"component---src-templates-archive-js-9f0ad568b2c61598063b.js","size":1687}],"filteredAssets":0,"assetsSize":94643,"filteredAuxiliaryAssets":4,"auxiliaryAssetsSize":1902001}},"assetsByChunkName":{"polyfill":["webpack-runtime-4585222f264fc2a8ce25.js","commons-00289a602017a56bb142.js","polyfill-b8ac1e4be52cebf2f42e.js"],"app":["webpack-runtime-4585222f264fc2a8ce25.js","framework-4ab19671d23488a6023a.js","styles.2e2a3af9a21b8c65f8a8.css","app-cac5ed06bd9705b5e257.js"],"gatsby-plugin-image":["gatsby-plugin-image-b6668be59cd1cb8a93e3.js"],"component---src-pages-404-js":["1bfc9850-2a924d21b56f3866906c.js","commons-00289a602017a56bb142.js","component---src-pages-404-js-8e3c5c0efc4bc35e3e5d.js"],"component---src-pages-index-js":["1bfc9850-2a924d21b56f3866906c.js","commons-00289a602017a56bb142.js","d210b7dc449036eefac565f5c93ac76d2a91751e-a2adef834fc76f49b8ea.js","component---src-pages-index-js-6a4b0e0e59a2dfcd26b9.js"],"component---src-pages-wp-page-link-js":["1bfc9850-2a924d21b56f3866906c.js","commons-00289a602017a56bb142.js","d210b7dc449036eefac565f5c93ac76d2a91751e-a2adef834fc76f49b8ea.js","component---src-pages-wp-page-link-js-9fbec8563c0cd45bcbed.js"],"component---src-pages-wp-post-uri-js":["1bfc9850-2a924d21b56f3866906c.js","commons-00289a602017a56bb142.js","d210b7dc449036eefac565f5c93ac76d2a91751e-a2adef834fc76f49b8ea.js","component---src-pages-wp-post-uri-js-5688c38935a70c9eb323.js"],"component---src-templates-archive-js":["1bfc9850-2a924d21b56f3866906c.js","commons-00289a602017a56bb142.js","d210b7dc449036eefac565f5c93ac76d2a91751e-a2adef834fc76f49b8ea.js","component---src-templates-archive-js-9f0ad568b2c61598063b.js"]},"childAssetsByChunkName":{}}